"Activity Date","Process Date","Settle Date","Instrument","Description","Trans Code","Quantity","Price","Amount"
"11/28/2025","11/28/2025","11/28/2025","","Interest Payment","INT","","","$0.10"
"11/17/2025","11/17/2025","11/17/2025","","Gold Subscription Fee","GOLD","","","($5.00)"
"10/31/2025","10/31/2025","10/31/2025","","Interest Payment","INT","","","$0.13"
"10/17/2025","10/17/2025","10/17/2025","","Gold Subscription Fee","GOLD","","","($5.00)"
"9/30/2025","9/30/2025","9/30/2025","","Interest Payment","INT","","","$0.14"
"9/17/2025","9/17/2025","9/17/2025","","Gold Subscription Fee","GOLD","","","($5.00)"
"9/8/2025","9/8/2025","9/8/2025","GOOG","Stock Lending","SLIP","","","$0.01"
"9/8/2025","9/8/2025","9/8/2025","QQQ","Stock Lending","SLIP","","","$0.01"
"8/29/2025","8/29/2025","8/29/2025","","Interest Payment","INT","","","$52.49"
"8/18/2025","8/18/2025","8/18/2025","","Gold Subscription Fee","GOLD","","","($5.00)"
"8/18/2025","8/18/2025","8/19/2025","","ACH Deposit","ACH","","","$5.00"
"8/12/2025","8/12/2025","8/13/2025","","ACH Withdrawal","ACH","","","($24,038.03)"
"8/11/2025","8/11/2025","8/12/2025","","ACH Withdrawal","ACH","","","($50,000.00)"
"8/8/2025","8/8/2025","8/11/2025","","ACH Withdrawal","ACH","","","($50,000.00)"
"8/7/2025","8/7/2025","8/7/2025","QQQ","Stock Lending","SLIP","","","$0.01"
"8/7/2025","8/7/2025","8/8/2025","","ACH Withdrawal","ACH","","","($50,000.00)"
"8/7/2025","8/7/2025","8/8/2025","QQQ","Invesco QQQ
CUSIP: 46090E103","Sell","183.263528","$569.36","$104,343.81"
"8/7/2025","8/7/2025","8/8/2025","NVDA","NVIDIA
CUSIP: 67066G104","Sell","0.48119","$181.60","$87.39"
"8/7/2025","8/7/2025","8/8/2025","NVDA","NVIDIA
CUSIP: 67066G104","Sell","171","$181.60","$31,054.00"
"8/7/2025","8/7/2025","8/8/2025","GOOG","Alphabet Class C
CUSIP: 02079K107","Sell","174.01943","$197.14","$34,307.03"
"8/7/2025","8/7/2025","8/8/2025","MSFT","Microsoft
CUSIP: 594918104","Sell","0.0994","$524.21","$52.11"
"8/7/2025","8/7/2025","8/8/2025","MSFT","Microsoft
CUSIP: 594918104","Sell","8","$524.21","$4,193.68"
"8/4/2025","8/4/2025","8/5/2025","MSFT","Microsoft
CUSIP: 594918104","Buy","8.0994","$536.38","($4,344.36)"
"7/31/2025","7/31/2025","7/31/2025","QQQ","Cash Div: R/D 2025-06-23 P/D 2025-07-31 - 183.263528 shares at 0.59111","CDIV","","","$108.33"
"7/31/2025","7/31/2025","7/31/2025","","Interest Payment","INT","","","$13.80"
"7/21/2025","7/21/2025","7/22/2025","","ACH Withdrawal","ACH","","","($25,000.00)"
"7/21/2025","7/21/2025","7/22/2025","TSLA","Tesla
CUSIP: 88160R101","Sell","0.46127","$330.15","$152.29"
"7/21/2025","7/21/2025","7/22/2025","TSLA","Tesla
CUSIP: 88160R101","Sell","91","$330.15","$30,043.63"
"7/21/2025","7/21/2025","7/22/2025","GOOG","Alphabet Class C
CUSIP: 02079K107","Buy","0.01943","$187.35","($3.64)"
"7/21/2025","7/21/2025","7/22/2025","GOOG","Alphabet Class C
CUSIP: 02079K107","Buy","24","$187.35","($4,496.36)"
"7/21/2025","7/21/2025","7/21/2025","","Gold Subscription Fee","GOLD","","","($5.00)"
"7/21/2025","7/21/2025","7/22/2025","","ACH Deposit","ACH","","","$5.00"
"7/8/2025","7/8/2025","7/8/2025","QQQM","Stock Lending","SLIP","","","$0.01"
"7/8/2025","7/8/2025","7/8/2025","SPGP","Stock Lending","SLIP","","","$0.01"
"7/8/2025","7/8/2025","7/8/2025","QQQ","Stock Lending","SLIP","","","$0.01"
"7/7/2025","7/7/2025","7/8/2025","NVDA","NVIDIA
CUSIP: 67066G104","Buy","31.48119","$158.82","($5,000.00)"
"7/7/2025","7/7/2025","7/8/2025","TSLA","Tesla
CUSIP: 88160R101","Buy","0.10212","$292.36","($29.86)"
"7/7/2025","7/7/2025","7/8/2025","TSLA","Tesla
CUSIP: 88160R101","Buy","17","$292.36","($4,970.14)"
"7/7/2025","7/7/2025","7/8/2025","","ACH Deposit","ACH","","","$10,000.00"
"6/30/2025","6/30/2025","6/30/2025","","Interest Payment","INT","","","$35.20"
"6/27/2025","6/27/2025","6/27/2025","QQQM","Cash Div: R/D 2025-06-23 P/D 2025-06-27 - 283.75493 shares at 0.3161","CDIV","","","$89.69"
"6/24/2025","6/24/2025","6/25/2025","TSLA","Tesla
CUSIP: 88160R101","Buy","0.35915","$348.21","($125.06)"
"6/24/2025","6/24/2025","6/25/2025","TSLA","Tesla
CUSIP: 88160R101","Buy","14","$348.21","($4,874.94)"
"6/24/2025","6/24/2025","6/25/2025","QQQM","Invesco Exchange-Traded Fund Trust II Invesco NASDAQ 100 ETF
CUSIP: 46138G649","Sell","0.75493","$221.02","$166.85"
"6/23/2025","6/23/2025","6/24/2025","GOOG","Alphabet Class C
CUSIP: 02079K107","Buy","150","$167.33","($25,099.50)"
"6/23/2025","6/23/2025","6/24/2025","NVDA","NVIDIA
CUSIP: 67066G104","Buy","80","$144.95","($11,596.00)"
"6/23/2025","6/23/2025","6/24/2025","NVDA","NVIDIA
CUSIP: 67066G104","Buy","1","$144.95","($144.95)"
"6/23/2025","6/23/2025","6/24/2025","NVDA","NVIDIA
CUSIP: 67066G104","Buy","2","$144.95","($289.90)"
"6/23/2025","6/23/2025","6/24/2025","NVDA","NVIDIA
CUSIP: 67066G104","Buy","57","$144.93","($8,261.01)"
"6/23/2025","6/23/2025","6/24/2025","TSLA","Tesla
CUSIP: 88160R101","Buy","60","$352.49","($21,149.40)"
"6/23/2025","6/23/2025","6/24/2025","QQQM","Invesco Exchange-Traded Fund Trust II Invesco NASDAQ 100 ETF
CUSIP: 46138G649","Sell","283","$219.87","$62,223.15"
"6/23/2025","6/23/2025","6/24/2025","QLD","ProShares Ultra QQQ
CUSIP: 74347R206","Sell","46","$110.71","$5,092.66"
"6/23/2025","6/23/2025","6/24/2025","QLD","ProShares Ultra QQQ
CUSIP: 74347R206","Sell","0.07021","$110.72","$7.77"
"6/20/2025","6/20/2025","6/20/2025","","Gold Subscription Fee","GOLD","","","($5.00)"
"6/17/2025","6/17/2025","6/18/2025","QLD","ProShares Ultra QQQ
CUSIP: 74347R206","Buy","0.07021","$108.53","($7.62)"
"6/17/2025","6/17/2025","6/18/2025","QLD","ProShares Ultra QQQ
CUSIP: 74347R206","Buy","46","$108.53","($4,992.38)"
"6/13/2025","6/13/2025","6/16/2025","QLD","ProShares Ultra QQQ
CUSIP: 74347R206","Sell","50","$109.45","$5,472.67"
"6/13/2025","6/13/2025","6/16/2025","QLD","ProShares Ultra QQQ
CUSIP: 74347R206","Buy","50","$106.99","($5,349.50)"
"6/6/2025","6/6/2025","6/6/2025","SPGP","Stock Lending","SLIP","","","$0.01"
"6/6/2025","6/6/2025","6/6/2025","QLD","Stock Lending","SLIP","","","$0.01"
"6/6/2025","6/6/2025","6/6/2025","QQQ","Stock Lending","SLIP","","","$0.01"
"6/6/2025","6/6/2025","6/6/2025","","Transfer from Brokerage to Roth IRA","ITRF","","","($7,000.00)"
"6/2/2025","6/2/2025","6/3/2025","QLD","ProShares Ultra QQQ
CUSIP: 74347R206","Sell","0.65625","$105.47","$69.22"
"6/2/2025","6/2/2025","6/3/2025","QLD","ProShares Ultra QQQ
CUSIP: 74347R206","Sell","97","$105.47","$10,230.89"
"6/2/2025","6/2/2025","6/3/2025","","ACH Deposit","ACH","","","$5,000.00"
"5/30/2025","5/30/2025","5/30/2025","","Interest Payment","INT","","","$27.02"
"5/30/2025","5/30/2025","6/2/2025","QLD","ProShares Ultra QQQ
CUSIP: 74347R206","Buy","97.65625","$102.40","($10,000.00)"
"5/30/2025","5/30/2025","6/2/2025","QQQM","Invesco Exchange-Traded Fund Trust II Invesco NASDAQ 100 ETF
CUSIP: 46138G649","Buy","0.75493","$211.45","($159.63)"
"5/30/2025","5/30/2025","6/2/2025","QQQM","Invesco Exchange-Traded Fund Trust II Invesco NASDAQ 100 ETF
CUSIP: 46138G649","Buy","183","$211.45","($38,695.35)"
"5/30/2025","5/30/2025","6/2/2025","QQQM","Invesco Exchange-Traded Fund Trust II Invesco NASDAQ 100 ETF
CUSIP: 46138G649","Buy","100","$211.45","($21,145.00)"
"5/30/2025","5/30/2025","6/2/2025","SPGP","Invesco S&P 500 GARP ETF
CUSIP: 46137V431","Sell","648","$100.82","$65,331.54"
"5/30/2025","5/30/2025","6/2/2025","SPGP","Invesco S&P 500 GARP ETF
CUSIP: 46137V431","Sell","0.637791","$100.84","$64.31"
"5/27/2025","5/27/2025","5/28/2025","QLD","ProShares Ultra QQQ
CUSIP: 74347R206","Sell","49.87531","$105.68","$5,270.57"
"5/23/2025","5/23/2025","5/27/2025","QLD","ProShares Ultra QQQ
CUSIP: 74347R206","Buy","0.87531","$100.25","($87.75)"
"5/23/2025","5/23/2025","5/27/2025","QLD","ProShares Ultra QQQ
CUSIP: 74347R206","Buy","49","$100.25","($4,912.25)"
"5/20/2025","5/20/2025","5/20/2025","","Gold Subscription Fee","GOLD","","","($5.00)"
"5/7/2025","5/7/2025","5/7/2025","QLD","Stock Lending","SLIP","","","$0.01"
"5/7/2025","5/7/2025","5/7/2025","SPGP","Stock Lending","SLIP","","","$0.01"
"5/7/2025","5/7/2025","5/7/2025","QQQ","Stock Lending","SLIP","","","$0.01"
"5/2/2025","5/2/2025","5/5/2025","QQQ","Invesco QQQ
CUSIP: 46090E103","Buy","0.39905","$490.22","($195.62)"
"5/2/2025","5/2/2025","5/5/2025","QQQ","Invesco QQQ
CUSIP: 46090E103","Buy","20","$490.22","($9,804.38)"
"5/2/2025","5/2/2025","5/5/2025","QLD","ProShares Ultra QQQ
CUSIP: 74347R206","Sell","0.50279","$94.04","$47.28"
"5/2/2025","5/2/2025","5/5/2025","QLD","ProShares Ultra QQQ
CUSIP: 74347R206","Sell","115","$94.04","$10,814.39"
"5/1/2025","5/1/2025","5/2/2025","QQQ","Invesco QQQ
CUSIP: 46090E103","Buy","0.97957","$484.19","($474.30)"
"5/1/2025","5/1/2025","5/2/2025","QQQ","Invesco QQQ
CUSIP: 46090E103","Buy","30","$484.19","($14,525.70)"
"5/1/2025","5/1/2025","5/2/2025","QLD","ProShares Ultra QQQ
CUSIP: 74347R206","Sell","0.30761","$91.85","$28.25"
"5/1/2025","5/1/2025","5/2/2025","QLD","ProShares Ultra QQQ
CUSIP: 74347R206","Sell","163","$91.85","$14,971.30"
"4/30/2025","4/30/2025","4/30/2025","QQQ","Cash Div: R/D 2025-03-24 P/D 2025-04-30 - 20.89165 shares at 0.71571","CDIV","","","$14.95"
"4/30/2025","4/30/2025","4/30/2025","","Interest Payment","INT","","","$25.12"
"4/28/2025","4/28/2025","4/29/2025","QLD","ProShares Ultra QQQ
CUSIP: 74347R206","Buy","0.26582","$86.01","($22.86)"
"4/28/2025","4/28/2025","4/29/2025","QLD","ProShares Ultra QQQ
CUSIP: 74347R206","Buy","116","$86.01","($9,977.14)"
"4/28/2025","4/28/2025","4/29/2025","QQQ","Invesco QQQ
CUSIP: 46090E103","Sell","21.35428","$468.29","$9,999.72"
"4/24/2025","4/24/2025","4/25/2025","QQQ","Invesco QQQ
CUSIP: 46090E103","Buy","0.39746","$467.34","($185.75)"
"4/24/2025","4/24/2025","4/25/2025","QQQ","Invesco QQQ
CUSIP: 46090E103","Buy","8","$467.34","($3,738.76)"
"4/24/2025","4/24/2025","4/25/2025","QQQ","Invesco QQQ
CUSIP: 46090E103","Buy","13","$467.34","($6,075.49)"
"4/24/2025","4/24/2025","4/25/2025","QLD","ProShares Ultra QQQ
CUSIP: 74347R206","Sell","0.26078","$85.25","$22.23"
"4/24/2025","4/24/2025","4/25/2025","QLD","ProShares Ultra QQQ
CUSIP: 74347R206","Sell","117","$85.25","$9,974.13"
"4/22/2025","4/22/2025","4/23/2025","QLD","ProShares Ultra QQQ
CUSIP: 74347R206","Sell","0.59948","$77.38","$46.39"
"4/22/2025","4/22/2025","4/23/2025","QLD","ProShares Ultra QQQ
CUSIP: 74347R206","Sell","64","$77.38","$4,952.36"
"4/21/2025","4/21/2025","4/22/2025","QLD","ProShares Ultra QQQ
CUSIP: 74347R206","Buy","67.73232","$73.82","($5,000.00)"
"4/21/2025","4/21/2025","4/21/2025","","Gold Subscription Fee","GOLD","","","($5.00)"
"4/7/2025","4/7/2025","4/7/2025","QQQ","Stock Lending","SLIP","","","$0.01"
"4/7/2025","4/7/2025","4/7/2025","BOXX","Stock Lending","SLIP","","","$0.01"
"4/7/2025","4/7/2025","4/7/2025","QLD","Stock Lending","SLIP","","","$0.01"
"4/7/2025","4/7/2025","4/7/2025","SPGP","Stock Lending","SLIP","","","$0.01"
"4/3/2025","4/3/2025","4/4/2025","QLD","ProShares Ultra QQQ
CUSIP: 74347R206","Buy","59.74429","$83.69","($5,000.00)"
"3/31/2025","3/31/2025","3/31/2025","","Interest Payment","INT","","","$24.05"
"3/31/2025","3/31/2025","4/1/2025","QLD","ProShares Ultra QQQ
CUSIP: 74347R206","Buy","58.08577","$86.08","($5,000.00)"
"3/31/2025","3/31/2025","4/1/2025","SPGP","Invesco S&P 500 GARP ETF
CUSIP: 46137V431
Dividend Reinvestment","Buy","0.463921","$99.03","($45.94)"
"3/31/2025","3/31/2025","4/1/2025","","ACH Deposit","ACH","","","$1,500.00"
"3/28/2025","3/28/2025","3/28/2025","SPGP","Cash Div: R/D 2025-03-24 P/D 2025-03-28 - 99.12445 shares at 0.4635","CDIV","","","$45.94"
"3/28/2025","3/28/2025","3/31/2025","QLD","ProShares Ultra QQQ
CUSIP: 74347R206","Buy","0.51278","$91.72","($47.03)"
"3/28/2025","3/28/2025","3/31/2025","QLD","ProShares Ultra QQQ
CUSIP: 74347R206","Buy","54","$91.72","($4,952.97)"
"3/27/2025","3/27/2025","3/27/2025","","Interest Payment","INT","","","$114.19"
"3/26/2025","3/26/2025","3/27/2025","QLD","ProShares Ultra QQQ
CUSIP: 74347R206","Buy","104.32968","$95.85","($10,000.00)"
"3/26/2025","3/26/2025","3/27/2025","BOXX","Alpha Architect 1-3 Month Box ETF
CUSIP: 02072L565","Sell","0.11161","$111.40","$12.43"
"3/26/2025","3/26/2025","3/27/2025","QQQ","Invesco QQQ
CUSIP: 46090E103","Buy","50","$493.54","($24,677.00)"
"3/26/2025","3/26/2025","3/27/2025","SPGP","Invesco S&P 500 GARP ETF
CUSIP: 46137V431","Buy","500","$103.92","($51,960.02)"
"3/26/2025","3/26/2025","3/27/2025","BOXX","Alpha Architect 1-3 Month Box ETF
CUSIP: 02072L565","Sell","904","$111.39","$100,693.57"
"3/26/2025","3/26/2025","3/27/2025","QQQ","Invesco QQQ
CUSIP: 46090E103","Buy","39.998377","$493.17","($19,726.00)"
"3/26/2025","3/26/2025","3/27/2025","QQQ","Invesco QQQ
CUSIP: 46090E103","Buy","0.555611","$493.15","($274.00)"
"3/25/2025","3/25/2025","3/26/2025","QLD","ProShares Ultra QQQ
CUSIP: 74347R206","Sell","0.31405","$98.56","$30.95"
"3/25/2025","3/25/2025","3/26/2025","QLD","ProShares Ultra QQQ
CUSIP: 74347R206","Sell","51","$98.56","$5,026.41"
"3/24/2025","3/24/2025","3/25/2025","QLD","ProShares Ultra QQQ
CUSIP: 74347R206","Buy","0.31405","$97.44","($30.60)"
"3/24/2025","3/24/2025","3/25/2025","QLD","ProShares Ultra QQQ
CUSIP: 74347R206","Buy","51","$97.44","($4,969.40)"
"3/24/2025","3/24/2025","3/25/2025","QQQ","Invesco QQQ
CUSIP: 46090E103","Buy","0.39609","$490.29","($194.20)"
"3/24/2025","3/24/2025","3/25/2025","QQQ","Invesco QQQ
CUSIP: 46090E103","Buy","20","$490.29","($9,805.80)"
"3/24/2025","3/24/2025","3/25/2025","SPGP","Invesco S&P 500 GARP ETF
CUSIP: 46137V431","Buy","0.04942","$101.94","($5.04)"
"3/24/2025","3/24/2025","3/25/2025","SPGP","Invesco S&P 500 GARP ETF
CUSIP: 46137V431","Buy","49","$101.94","($4,994.96)"
"3/24/2025","3/24/2025","3/25/2025","","ACH Deposit","ACH","","","$1,500.00"
"3/21/2025","3/21/2025","3/21/2025","","Gold Subscription Fee","GOLD","","","($5.00)"
"3/20/2025","3/20/2025","3/21/2025","QQQ","Invesco QQQ
CUSIP: 46090E103","Buy","0.89165","$478.66","($426.80)"
"3/20/2025","3/20/2025","3/21/2025","QQQ","Invesco QQQ
CUSIP: 46090E103","Buy","20","$478.66","($9,573.20)"
"3/20/2025","3/20/2025","3/21/2025","SPGP","Invesco S&P 500 GARP ETF
CUSIP: 46137V431","Buy","86.12445","$100.92","($8,691.68)"
"3/20/2025","3/20/2025","3/21/2025","SPGP","Invesco S&P 500 GARP ETF
CUSIP: 46137V431","Buy","7","$100.64","($704.48)"
"3/20/2025","3/20/2025","3/21/2025","SPGP","Invesco S&P 500 GARP ETF
CUSIP: 46137V431","Buy","3","$100.64","($301.92)"
"3/20/2025","3/20/2025","3/21/2025","SPGP","Invesco S&P 500 GARP ETF
CUSIP: 46137V431","Buy","3","$100.64","($301.92)"
"3/17/2025","3/17/2025","3/18/2025","QQQ","Invesco QQQ
CUSIP: 46090E103","Sell","20.88908","$479.04","$10,006.42"
"3/17/2025","3/17/2025","3/18/2025","","ACH Deposit","ACH","","","$1,500.00"
"3/14/2025","3/14/2025","3/17/2025","QQQ","Invesco QQQ
CUSIP: 46090E103","Buy","0.88908","$478.72","($425.62)"
"3/14/2025","3/14/2025","3/17/2025","QQQ","Invesco QQQ
CUSIP: 46090E103","Buy","20","$478.72","($9,574.38)"
"3/12/2025","3/12/2025","3/12/2025","","Aggregated Margin Rate","MINT","","","($0.60)"
"3/10/2025","3/10/2025","3/11/2025","SPY","SPDR S&P 500 ETF
CUSIP: 78462F103","Sell","26","$567.53","$14,755.36"
"3/10/2025","3/10/2025","3/11/2025","SPY","SPDR S&P 500 ETF
CUSIP: 78462F103","Sell","0.050698","$567.54","$28.77"
"3/10/2025","3/10/2025","3/11/2025","","ACH Deposit","ACH","","","$1,500.00"
"3/7/2025","3/7/2025","3/7/2025","SPY","Stock Lending","SLIP","","","$0.01"
"3/7/2025","3/7/2025","3/7/2025","QLD","Stock Lending","SLIP","","","$0.01"
"3/7/2025","3/7/2025","3/7/2025","BOXX","Stock Lending","SLIP","","","$0.01"
"3/7/2025","3/7/2025","3/7/2025","BOXX","Stock Lending","SLIP","","","$0.01"
"3/7/2025","3/7/2025","3/10/2025","QLD","ProShares Ultra QQQ
CUSIP: 74347R206","Sell","102","$94.90","$9,679.00"
"3/7/2025","3/7/2025","3/10/2025","QLD","ProShares Ultra QQQ
CUSIP: 74347R206","Buy","102","$98.08","($10,004.16)"
"3/5/2025","3/5/2025","3/6/2025","SPY","SPDR S&P 500 ETF
CUSIP: 78462F103","Buy","2.60285","$576.29","($1,500.00)"
"3/5/2025","3/5/2025","3/6/2025","QLD","ProShares Ultra QQQ
CUSIP: 74347R206","Sell","300.13187","$98.96","$29,701.67"
"3/4/2025","3/4/2025","3/5/2025","QLD","ProShares Ultra QQQ
CUSIP: 74347R206","Buy","0.92143","$100.04","($92.18)"
"3/4/2025","3/4/2025","3/5/2025","QLD","ProShares Ultra QQQ
CUSIP: 74347R206","Buy","199","$100.04","($19,907.82)"
"3/4/2025","3/4/2025","3/5/2025","PSQ","ProShares Short QQQ
CUSIP: 74349Y837","Sell","810.28411","$38.84","$31,474.48"
"3/4/2025","3/4/2025","3/5/2025","QLD","ProShares Ultra QQQ
CUSIP: 74347R206","Buy","0.21044","$99.79","($21.00)"
"3/4/2025","3/4/2025","3/5/2025","QLD","ProShares Ultra QQQ
CUSIP: 74347R206","Buy","100","$99.79","($9,979.00)"
"3/4/2025","3/4/2025","3/5/2025","PSQ","ProShares Short QQQ
CUSIP: 74349Y837","Buy","54.06504","$39.36","($2,128.00)"
"3/4/2025","3/4/2025","3/5/2025","PSQ","ProShares Short QQQ
CUSIP: 74349Y837","Buy","100","$39.36","($3,936.00)"
"3/4/2025","3/4/2025","3/5/2025","PSQ","ProShares Short QQQ
CUSIP: 74349Y837","Buy","100","$39.36","($3,936.00)"
"3/4/2025","3/4/2025","3/5/2025","PSQ","ProShares Short QQQ
CUSIP: 74349Y837","Buy","0.21907","$39.03","($8.55)"
"3/4/2025","3/4/2025","3/5/2025","PSQ","ProShares Short QQQ
CUSIP: 74349Y837","Buy","256","$39.03","($9,991.45)"
"3/4/2025","3/4/2025","3/5/2025","PSQ","ProShares Short QQQ
CUSIP: 74349Y837","Buy","300","$38.87","($11,661.00)"
"3/3/2025","3/3/2025","3/4/2025","QLD","ProShares Ultra QQQ
CUSIP: 74347R206","Sell","96.61835","$105.41","$10,184.23"
"3/3/2025","3/3/2025","3/4/2025","","ACH Deposit","ACH","","","$1,500.00"
"2/28/2025","2/28/2025","3/3/2025","SPY","SPDR S&P 500 ETF
CUSIP: 78462F103","Buy","2.52606","$593.81","($1,500.00)"
"2/28/2025","2/28/2025","2/28/2025","","Interest Payment","INT","","","$12.29"
"2/28/2025","2/28/2025","3/3/2025","QLD","ProShares Ultra QQQ
CUSIP: 74347R206","Buy","96.61835","$103.50","($10,000.00)"
"2/27/2025","2/27/2025","2/27/2025","","Interest Payment","INT","","","$78.50"
"2/27/2025","2/27/2025","2/28/2025","QQQE","Direxion Nasdaq-100 Equal Weighted Index Shares ETF
CUSIP: 25459Y207","Sell","0.52282","$92.65","$48.44"
"2/27/2025","2/27/2025","2/28/2025","QQQE","Direxion Nasdaq-100 Equal Weighted Index Shares ETF
CUSIP: 25459Y207","Sell","213","$92.65","$19,734.14"
"2/27/2025","2/27/2025","2/28/2025","QQQ","Invesco QQQ
CUSIP: 46090E103","Sell","57.671235","$511.50","$29,498.00"
"2/26/2025","2/26/2025","2/27/2025","QQQE","Direxion Nasdaq-100 Equal Weighted Index Shares ETF
CUSIP: 25459Y207","Buy","0.52282","$93.67","($48.97)"
"2/26/2025","2/26/2025","2/27/2025","QQQE","Direxion Nasdaq-100 Equal Weighted Index Shares ETF
CUSIP: 25459Y207","Buy","213","$93.67","($19,951.03)"
"2/26/2025","2/26/2025","2/27/2025","QLD","ProShares Ultra QQQ
CUSIP: 74347R206","Sell","0.512138","$107.02","$54.81"
"2/26/2025","2/26/2025","2/27/2025","QLD","ProShares Ultra QQQ
CUSIP: 74347R206","Sell","132","$107.02","$14,126.22"
"2/25/2025","2/25/2025","2/26/2025","QQQ","Invesco QQQ
CUSIP: 46090E103","Buy","57.671235","$520.19","($30,000.00)"
"2/24/2025","2/24/2025","2/25/2025","QLD","ProShares Ultra QQQ
CUSIP: 74347R206","Buy","44.963341","$110.48","($4,967.55)"
"2/24/2025","2/24/2025","2/25/2025","QLD","ProShares Ultra QQQ
CUSIP: 74347R206","Buy","0.293957","$110.39","($32.45)"
"2/24/2025","2/24/2025","2/25/2025","SPY","SPDR S&P 500 ETF
CUSIP: 78462F103","Buy","5.01286","$598.46","($3,000.00)"
"2/24/2025","2/24/2025","2/25/2025","QLD","ProShares Ultra QQQ
CUSIP: 74347R206","Buy","45.08566","$110.90","($5,000.00)"
"2/24/2025","2/24/2025","2/25/2025","","ACH Deposit","ACH","","","$1,500.00"
"2/19/2025","2/19/2025","2/19/2025","","Gold Subscription Fee","GOLD","","","($5.00)"
"2/18/2025","2/18/2025","2/19/2025","QLD","ProShares Ultra QQQ
CUSIP: 74347R206","Buy","42.16918","$118.57","($5,000.00)"
"2/18/2025","2/18/2025","2/19/2025","","ACH Deposit","ACH","","","$1,500.00"
"2/12/2025","2/12/2025","2/13/2025","SPY","SPDR S&P 500 ETF
CUSIP: 78462F103","Buy","2.49351","$601.56","($1,500.00)"
"2/10/2025","2/10/2025","2/11/2025","QLD","ProShares Ultra QQQ
CUSIP: 74347R206","Sell","44.33999","$114.88","$5,093.63"
"2/10/2025","2/10/2025","2/11/2025","","ACH Deposit","ACH","","","$1,500.00"
"2/7/2025","2/7/2025","2/7/2025","QLD","Stock Lending","SLIP","","","$0.01"
"2/7/2025","2/7/2025","2/7/2025","BOXX","Stock Lending","SLIP","","","$0.01"
"2/7/2025","2/7/2025","2/7/2025","QQQ","Stock Lending","SLIP","","","$0.01"
"2/7/2025","2/7/2025","2/10/2025","QQQ","Invesco QQQ
CUSIP: 46090E103","Sell","0.83184","$523.67","$435.61"
"2/7/2025","2/7/2025","2/10/2025","QQQ","Invesco QQQ
CUSIP: 46090E103","Sell","67","$523.67","$35,084.73"
"2/7/2025","2/7/2025","2/10/2025","QLD","ProShares Ultra QQQ
CUSIP: 74347R206","Buy","44.33999","$112.76","($5,000.00)"
"2/5/2025","2/5/2025","2/6/2025","QLD","ProShares Ultra QQQ
CUSIP: 74347R206","Sell","91.549238","$113.26","$10,368.57"
"2/5/2025","2/5/2025","2/6/2025","QLD","ProShares Ultra QQQ
CUSIP: 74347R206","Buy","1.814515","$111.33","($202.01)"
"2/5/2025","2/5/2025","2/6/2025","QLD","ProShares Ultra QQQ
CUSIP: 74347R206","Buy","45","$111.34","($5,010.27)"
"2/4/2025","2/4/2025","2/5/2025","QLD","ProShares Ultra QQQ
CUSIP: 74347R206","Buy","44.734723","$111.77","($5,000.00)"
"2/4/2025","2/4/2025","2/5/2025","MSFT","Microsoft
CUSIP: 594918104","Sell","24.19213","$412.94","$9,989.50"
"2/3/2025","2/3/2025","2/4/2025","QQQ","Invesco QQQ
CUSIP: 46090E103","Buy","0.99567","$517.32","($515.08)"
"2/3/2025","2/3/2025","2/4/2025","QQQ","Invesco QQQ
CUSIP: 46090E103","Buy","28","$517.32","($14,484.92)"
"2/3/2025","2/3/2025","2/4/2025","QLD","ProShares Ultra QQQ
CUSIP: 74347R206","Sell","0.6954","$109.83","$76.38"
"2/3/2025","2/3/2025","2/4/2025","QLD","ProShares Ultra QQQ
CUSIP: 74347R206","Sell","137","$109.83","$15,046.27"
"2/3/2025","2/3/2025","2/4/2025","SPY","SPDR S&P 500 ETF
CUSIP: 78462F103","Buy","0.51847","$595.60","($308.80)"
"2/3/2025","2/3/2025","2/4/2025","SPY","SPDR S&P 500 ETF
CUSIP: 78462F103","Buy","2","$595.60","($1,191.20)"
"2/3/2025","2/3/2025","2/4/2025","QLD","ProShares Ultra QQQ
CUSIP: 74347R206","Buy","0.6954","$108.94","($75.75)"
"2/3/2025","2/3/2025","2/4/2025","QLD","ProShares Ultra QQQ
CUSIP: 74347R206","Buy","137","$108.94","($14,924.25)"
"2/3/2025","2/3/2025","2/4/2025","QQQ","Invesco QQQ
CUSIP: 46090E103","Buy","0.83617","$514.98","($430.61)"
"2/3/2025","2/3/2025","2/4/2025","QQQ","Invesco QQQ
CUSIP: 46090E103","Buy","38","$514.98","($19,569.38)"
"2/3/2025","2/3/2025","2/4/2025","MSFT","Microsoft
CUSIP: 594918104","Buy","0.19213","$413.36","($79.42)"
"2/3/2025","2/3/2025","2/4/2025","MSFT","Microsoft
CUSIP: 594918104","Buy","24","$413.36","($9,920.58)"
"2/3/2025","2/3/2025","2/4/2025","","ACH Deposit","ACH","","","$1,500.00"
"1/31/2025","1/31/2025","2/3/2025","QQQ","Invesco QQQ
CUSIP: 46090E103","Sell","1","$520.85","$520.83"
"1/31/2025","1/31/2025","2/3/2025","QQQ","Invesco QQQ
CUSIP: 46090E103","Sell","75","$520.88","$39,064.90"
"1/31/2025","1/31/2025","2/3/2025","QQQ","Invesco QQQ
CUSIP: 46090E103","Sell","1","$520.88","$520.86"
"1/31/2025","1/31/2025","2/3/2025","QQQ","Invesco QQQ
CUSIP: 46090E103","Sell","0.552837","$520.92","$287.98"
"1/31/2025","1/31/2025","2/3/2025","QLD","ProShares Ultra QQQ
CUSIP: 74347R206","Sell","22","$111.45","$2,451.83"
"1/31/2025","1/31/2025","2/3/2025","QLD","ProShares Ultra QQQ
CUSIP: 74347R206","Sell","0.319483","$111.47","$35.61"
"1/31/2025","1/31/2025","1/31/2025","","Interest Payment","INT","","","$7.48"
"1/31/2025","1/31/2025","2/3/2025","QLD","ProShares Ultra QQQ
CUSIP: 74347R206","Buy","21.998055","$112.01","($2,464.00)"
"1/31/2025","1/31/2025","2/3/2025","QLD","ProShares Ultra QQQ
CUSIP: 74347R206","Buy","0.321428","$112.00","($36.00)"
"1/31/2025","1/31/2025","2/3/2025","QQQ","Invesco QQQ
CUSIP: 46090E103","Buy","0.86116","$530.19","($456.58)"
"1/31/2025","1/31/2025","2/3/2025","QQQ","Invesco QQQ
CUSIP: 46090E103","Buy","18","$530.19","($9,543.42)"
"1/31/2025","1/31/2025","2/3/2025","QLD","ProShares Ultra QQQ
CUSIP: 74347R206","Sell","0.03197","$115.46","$3.69"
"1/31/2025","1/31/2025","2/3/2025","QLD","ProShares Ultra QQQ
CUSIP: 74347R206","Sell","67","$115.46","$7,735.59"
"1/31/2025","1/31/2025","2/3/2025","QLD","ProShares Ultra QQQ
CUSIP: 74347R206","Sell","11","$115.46","$1,270.08"
"1/31/2025","1/31/2025","2/3/2025","QLD","ProShares Ultra QQQ
CUSIP: 74347R206","Sell","11","$115.46","$1,270.08"
"1/30/2025","1/30/2025","1/31/2025","QLD","ProShares Ultra QQQ
CUSIP: 74347R206","Buy","0.52807","$112.29","($59.30)"
"1/30/2025","1/30/2025","1/31/2025","QLD","ProShares Ultra QQQ
CUSIP: 74347R206","Buy","44","$112.29","($4,940.70)"
"1/30/2025","1/30/2025","1/31/2025","QLD","ProShares Ultra QQQ
CUSIP: 74347R206","Buy","0.5039","$112.35","($56.61)"
"1/30/2025","1/30/2025","1/31/2025","QLD","ProShares Ultra QQQ
CUSIP: 74347R206","Buy","44","$112.35","($4,943.39)"
"1/30/2025","1/30/2025","1/31/2025","QLD","ProShares Ultra QQQ
CUSIP: 74347R206","Sell","111.553984","$111.42","$12,429.01"
"1/29/2025","1/29/2025","1/30/2025","QLD","ProShares Ultra QQQ
CUSIP: 74347R206","Buy","0.41147","$111.55","($45.90)"
"1/29/2025","1/29/2025","1/30/2025","QLD","ProShares Ultra QQQ
CUSIP: 74347R206","Buy","22","$111.55","($2,454.10)"
"1/29/2025","1/29/2025","1/30/2025","QLD","ProShares Ultra QQQ
CUSIP: 74347R206","Buy","88.988144","$112.18","($9,982.69)"
"1/29/2025","1/29/2025","1/30/2025","QLD","ProShares Ultra QQQ
CUSIP: 74347R206","Buy","0.15437","$112.16","($17.31)"
"1/28/2025","1/28/2025","1/29/2025","AAPL","Apple
CUSIP: 037833100","Sell","6.733099","$237.83","$1,601.28"
"1/28/2025","1/28/2025","1/29/2025","SHOP","Shopify
CUSIP: 82509L107","Sell","9.61446","$117.00","$1,124.85"
"1/28/2025","1/28/2025","1/29/2025","QLD","ProShares Ultra QQQ
CUSIP: 74347R206","Sell","91.92021","$111.64","$10,261.66"
"1/27/2025","1/27/2025","1/28/2025","QLD","ProShares Ultra QQQ
CUSIP: 74347R206","Buy","0.92021","$108.79","($100.11)"
"1/27/2025","1/27/2025","1/28/2025","QLD","ProShares Ultra QQQ
CUSIP: 74347R206","Buy","91","$108.79","($9,899.89)"
"1/27/2025","1/27/2025","1/28/2025","QQQ","Invesco QQQ
CUSIP: 46090E103","Buy","0.48444","$513.23","($248.63)"
"1/27/2025","1/27/2025","1/28/2025","QQQ","Invesco QQQ
CUSIP: 46090E103","Buy","19","$513.23","($9,751.37)"
"1/27/2025","1/27/2025","1/28/2025","QLD","ProShares Ultra QQQ
CUSIP: 74347R206","Sell","186.915887","$108.10","$20,205.04"
"1/27/2025","1/27/2025","1/28/2025","SHOP","Shopify
CUSIP: 82509L107","Buy","9.61446","$104.01","($1,000.00)"
"1/27/2025","1/27/2025","1/28/2025","AAPL","Apple
CUSIP: 037833100","Buy","6.733099","$222.78","($1,500.00)"
"1/27/2025","1/27/2025","1/28/2025","SPY","SPDR S&P 500 ETF
CUSIP: 78462F103","Buy","7.999529","$595.22","($4,761.48)"
"1/27/2025","1/27/2025","1/28/2025","SPY","SPDR S&P 500 ETF
CUSIP: 78462F103","Buy","0.400749","$595.18","($238.52)"
"1/27/2025","1/27/2025","1/28/2025","QQQ","Invesco QQQ
CUSIP: 46090E103","Buy","38.99847","$510.11","($19,893.51)"
"1/27/2025","1/27/2025","1/28/2025","QQQ","Invesco QQQ
CUSIP: 46090E103","Buy","0.208767","$510.09","($106.49)"
"1/27/2025","1/27/2025","1/28/2025","QLD","ProShares Ultra QQQ
CUSIP: 74347R206","Buy","169.915887","$107.00","($18,181.00)"
"1/27/2025","1/27/2025","1/28/2025","QLD","ProShares Ultra QQQ
CUSIP: 74347R206","Buy","17","$107.00","($1,819.00)"
"1/27/2025","1/27/2025","1/28/2025","","ACH Deposit","ACH","","","$1,500.00"
"1/24/2025","1/24/2025","1/27/2025","QQQ","Invesco QQQ
CUSIP: 46090E103","Sell","0.58438","$529.40","$309.37"
"1/24/2025","1/24/2025","1/27/2025","QQQ","Invesco QQQ
CUSIP: 46090E103","Sell","48","$529.40","$25,410.72"
"1/24/2025","1/24/2025","1/27/2025","QLD","ProShares Ultra QQQ
CUSIP: 74347R206","Sell","187","$115.39","$21,577.75"
"1/24/2025","1/24/2025","1/27/2025","QLD","ProShares Ultra QQQ
CUSIP: 74347R206","Sell","0.099719","$115.40","$11.51"
"1/22/2025","1/22/2025","1/23/2025","QLD","ProShares Ultra QQQ
CUSIP: 74347R206","Buy","54.26719","$116.70","($6,332.71)"
"1/22/2025","1/22/2025","1/23/2025","QQQ","Invesco QQQ
CUSIP: 46090E103","Buy","0.78639","$532.30","($418.60)"
"1/22/2025","1/22/2025","1/23/2025","QQQ","Invesco QQQ
CUSIP: 46090E103","Buy","18","$532.30","($9,581.40)"
"1/22/2025","1/22/2025","1/23/2025","BOXX","Alpha Architect 1-3 Month Box ETF
CUSIP: 02072L565","Sell","147.671353","$110.60","$16,331.97"
"1/22/2025","1/22/2025","1/23/2025","BOXX","Alpha Architect 1-3 Month Box ETF
CUSIP: 02072L565","Sell","0.006667","$110.60","$0.74"
"1/21/2025","1/21/2025","1/22/2025","QLD","ProShares Ultra QQQ
CUSIP: 74347R206","Buy","0.34465","$111.66","($38.48)"
"1/21/2025","1/21/2025","1/22/2025","QLD","ProShares Ultra QQQ
CUSIP: 74347R206","Buy","22","$111.66","($2,456.52)"
"1/21/2025","1/21/2025","1/22/2025","QLD","ProShares Ultra QQQ
CUSIP: 74347R206","Buy","22.24999","$112.36","($2,500.00)"
"1/21/2025","1/21/2025","1/22/2025","SPY","SPDR S&P 500 ETF
CUSIP: 78462F103","Buy","2.49667","$600.80","($1,500.00)"
"1/21/2025","1/21/2025","1/22/2025","QLD","ProShares Ultra QQQ
CUSIP: 74347R206","Buy","88.237889","$113.33","($10,000.00)"
"1/21/2025","1/21/2025","1/21/2025","","Gold Subscription Fee","GOLD","","","($5.00)"
"1/21/2025","1/21/2025","1/22/2025","","ACH Deposit","ACH","","","$1,500.00"
"1/21/2025","1/21/2025","1/22/2025","","ACH Deposit","ACH","","","$15,000.00"
"1/17/2025","1/17/2025","1/21/2025","QQQ","Invesco QQQ
CUSIP: 46090E103","Buy","0.1074","$522.40","($56.11)"
"1/17/2025","1/17/2025","1/21/2025","QQQ","Invesco QQQ
CUSIP: 46090E103","Buy","20","$522.40","($10,448.00)"
"1/17/2025","1/17/2025","1/21/2025","QLD","ProShares Ultra QQQ
CUSIP: 74347R206","Sell","93.414217","$112.45","$10,504.11"
"1/15/2025","1/15/2025","1/16/2025","QQQ","Invesco QQQ
CUSIP: 46090E103","Buy","9.69059","$515.95","($4,999.86)"
"1/15/2025","1/15/2025","1/16/2025","QLD","ProShares Ultra QQQ
CUSIP: 74347R206","Sell","45.53319","$109.81","$4,999.86"
"1/14/2025","1/14/2025","1/15/2025","QLD","ProShares Ultra QQQ
CUSIP: 74347R206","Buy","69.61871","$104.83","($7,298.13)"
"1/14/2025","1/14/2025","1/15/2025","QQQ","Invesco QQQ
CUSIP: 46090E103","Sell","0.4857","$503.83","$244.71"
"1/14/2025","1/14/2025","1/15/2025","QQQ","Invesco QQQ
CUSIP: 46090E103","Sell","14","$503.83","$7,053.42"
"1/10/2025","1/10/2025","1/13/2025","QQQ","Invesco QQQ
CUSIP: 46090E103","Buy","4.92956","$507.12","($2,499.88)"
"1/10/2025","1/10/2025","1/13/2025","QLD","ProShares Ultra QQQ
CUSIP: 74347R206","Buy","0.52721","$106.26","($56.02)"
"1/10/2025","1/10/2025","1/13/2025","QLD","ProShares Ultra QQQ
CUSIP: 74347R206","Buy","23","$106.26","($2,443.98)"
"1/10/2025","1/10/2025","1/13/2025","BOXX","Alpha Architect 1-3 Month Box ETF
CUSIP: 02072L565","Sell","45.26935","$110.45","$4,999.86"
"1/8/2025","1/8/2025","1/8/2025","QLD","Stock Lending","SLIP","","","$0.01"
"1/8/2025","1/8/2025","1/8/2025","BOXX","Stock Lending","SLIP","","","$0.01"
"1/6/2025","1/6/2025","1/7/2025","QQQ","Invesco QQQ
CUSIP: 46090E103","Buy","0.55614","$523.21","($290.98)"
"1/6/2025","1/6/2025","1/7/2025","QQQ","Invesco QQQ
CUSIP: 46090E103","Buy","8","$523.21","($4,185.68)"
"1/6/2025","1/6/2025","1/7/2025","QQQ","Invesco QQQ
CUSIP: 46090E103","Buy","1","$523.20","($523.20)"
"1/6/2025","1/6/2025","1/7/2025","QLD","ProShares Ultra QQQ
CUSIP: 74347R206","Sell","0.1418","$113.27","$16.06"
"1/6/2025","1/6/2025","1/7/2025","QLD","ProShares Ultra QQQ
CUSIP: 74347R206","Sell","44","$113.27","$4,983.80"
"1/2/2025","1/2/2025","1/3/2025","QLD","ProShares Ultra QQQ
CUSIP: 74347R206
Dividend Reinvestment","Buy","0.024327","$108.52","($2.64)"
"12/31/2024","12/31/2024","12/31/2024","QLD","Cash Div: R/D 2024-12-23 P/D 2024-12-31 - 43 shares at 0.061374","CDIV","","","$2.64"
"12/30/2024","12/30/2024","12/31/2024","QLD","ProShares Ultra QQQ
CUSIP: 74347R206","Buy","89.00324","$110.98","($9,877.58)"
"12/30/2024","12/30/2024","12/31/2024","QLD","ProShares Ultra QQQ
CUSIP: 74347R206","Sell","87","$109.95","$9,565.37"
"12/23/2024","12/23/2024","12/24/2024","QLD","ProShares Ultra QQQ
CUSIP: 74347R206","Buy","44.91572","$111.32","($5,000.00)"
"12/23/2024","12/23/2024","12/24/2024","BOXX","Alpha Architect 1-3 Month Box ETF
CUSIP: 02072L565","Sell","0.409154","$110.10","$45.05"
"12/23/2024","12/23/2024","12/24/2024","BOXX","Alpha Architect 1-3 Month Box ETF
CUSIP: 02072L565","Sell","45","$110.11","$4,954.81"
"12/18/2024","12/18/2024","12/19/2024","QLD","ProShares Ultra QQQ
CUSIP: 74347R206","Buy","43","$110.43","($4,748.49)"
"12/18/2024","12/18/2024","12/19/2024","BOXX","Alpha Architect 1-3 Month Box ETF
CUSIP: 02072L565","Sell","46","$110.02","$5,060.77"
"12/6/2024","12/6/2024","12/6/2024","BOXX","Stock Lending","SLIP","","","$0.01"
"11/7/2024","11/7/2024","11/7/2024","BOXX","Stock Lending","SLIP","","","$0.01"
"10/7/2024","10/7/2024","10/7/2024","BOXX","Stock Lending","SLIP","","","$0.01"
"9/9/2024","9/9/2024","9/9/2024","BOXX","Stock Lending","SLIP","","","$0.01"
"8/15/2024","8/15/2024","8/16/2024","BOXX","Alpha Architect 1-3 Month Box ETF
CUSIP: 02072L565
Dividend Reinvestment","Buy","3.182977","$108.21","($344.43)"
"8/14/2024","8/14/2024","8/14/2024","BOXX","Manufactured Div: R/D 2024-08-13 P/D 2024-08-14 - 809 shares at 0.16782","MDIV","","","$135.77"
"8/14/2024","8/14/2024","8/14/2024","BOXX","Cap Gains: R/D 2024-08-13 P/D 2024-08-14 - 376.285157 shares at 0.12277","SCAP","","","$46.20"
"8/14/2024","8/14/2024","8/14/2024","BOXX","Cap Gains: R/D 2024-08-13 P/D 2024-08-14 - 376.285157 shares at 0.16782","LCAP","","","$63.14"
"8/14/2024","8/14/2024","8/14/2024","BOXX","Manufactured Div: R/D 2024-08-13 P/D 2024-08-14 - 809 shares at 0.12277","MDIV","","","$99.32"
"8/7/2024","8/7/2024","8/7/2024","BOXX","Stock Lending","SLIP","","","$0.01"
"7/5/2024","7/5/2024","7/5/2024","BOXX","Stock Lending","SLIP","","","$0.01"
"6/21/2024","6/21/2024","6/24/2024","DHI","Option Expiration for DHI 6/21/2024 Put $70.00","OEXP","1S","",""
"6/11/2024","6/11/2024","6/12/2024","","ACH Deposit","ACH","","","$15,000.00"
"6/10/2024","6/10/2024","6/10/2024","","ACH REVERSAL","ACH","","","($15,000.00)"
"6/7/2024","6/7/2024","6/7/2024","BOXX","Stock Lending","SLIP","","","$0.01"
"6/6/2024","6/6/2024","6/7/2024","BOXX","Alpha Architect 1-3 Month Box ETF
CUSIP: 02072L565","Buy","146.993617","$107.46","($15,795.89)"
"6/6/2024","6/6/2024","6/7/2024","BOXX","Alpha Architect 1-3 Month Box ETF
CUSIP: 02072L565","Buy","0.056163","$107.46","($6.03)"
"6/6/2024","6/6/2024","6/7/2024","","ACH Deposit","ACH","","","$15,000.00"
"5/31/2024","5/31/2024","5/31/2024","","Interest Payment","INT","","","$0.22"
"5/6/2024","5/6/2024","5/6/2024","BOXX","Stock Lending","SLIP","","","$0.01"
"4/30/2024","4/30/2024","4/30/2024","","Interest Payment","INT","","","$0.96"
"4/5/2024","4/5/2024","4/5/2024","BOXX","Stock Lending","SLIP","","","$10.23"
"3/28/2024","3/28/2024","3/28/2024","","Interest Payment","INT","","","$2.22"
"3/7/2024","3/7/2024","3/7/2024","BOXX","Stock Lending","SLIP","","","$0.01"
"2/29/2024","2/29/2024","2/29/2024","","Interest Payment","INT","","","$354.36"
"2/22/2024","2/22/2024","2/26/2024","BOXX","Alpha Architect 1-3 Month Box ETF
CUSIP: 02072L565","Buy","1038.235377","$105.95","($110,000.00)"
"2/15/2024","2/15/2024","2/15/2024","","Gold Subscription Fee","GOLD","","","($5.00)"
"2/9/2024","2/9/2024","2/12/2024","","ACH Deposit","ACH","","","$10,000.00"
"1/31/2024","1/31/2024","1/31/2024","","Interest Payment","INT","","","$387.88"
"1/22/2024","1/22/2024","1/23/2024","","ACH Deposit","ACH","","","$9,000.00"
"1/16/2024","1/16/2024","1/16/2024","","Gold Subscription Fee","GOLD","","","($5.00)"
"12/29/2023","12/29/2023","12/29/2023","","Interest Payment","INT","","","$390.96"
"12/18/2023","12/18/2023","12/18/2023","","Gold Subscription Fee","GOLD","","","($5.00)"
"12/6/2023","12/6/2023","12/7/2023","","ACH Withdrawal","ACH","","","($18,000.00)"
"11/30/2023","11/30/2023","11/30/2023","","Interest Payment","INT","","","$429.63"
"11/17/2023","11/17/2023","11/17/2023","","Gold Subscription Fee","GOLD","","","($5.00)"
"11/2/2023","11/2/2023","11/3/2023","","ACH Deposit","ACH","","","$5,000.00"
"10/31/2023","10/31/2023","10/31/2023","","Interest Payment","INT","","","$419.26"
"10/25/2023","10/25/2023","10/26/2023","DHI","DHI 6/21/2024 Put $70.00","BTO","1","$1.95","($195.03)"
"10/18/2023","10/18/2023","10/18/2023","","Gold Subscription Fee","GOLD","","","($5.00)"
"9/29/2023","9/29/2023","9/29/2023","","Interest Payment","INT","","","$404.29"
"9/18/2023","9/18/2023","9/18/2023","","Gold Subscription Fee","GOLD","","","($5.00)"
"8/31/2023","8/31/2023","8/31/2023","","Interest Payment","INT","","","$416.12"
"8/21/2023","8/21/2023","8/21/2023","","Gold Subscription Fee","GOLD","","","($5.00)"
"7/31/2023","7/31/2023","7/31/2023","","Interest Payment","INT","","","$397.14"
"7/20/2023","7/20/2023","7/20/2023","","Gold Fee","GOLD","","","($5.00)"
"6/30/2023","6/30/2023","6/30/2023","","Interest Payment","INT","","","$379.67"
"6/20/2023","6/20/2023","6/20/2023","","Gold Fee","GOLD","","","($5.00)"
"5/31/2023","5/31/2023","5/31/2023","","Interest Payment","INT","","","$388.88"
"5/22/2023","5/22/2023","5/22/2023","","Gold Fee","GOLD","","","($5.00)"
"4/28/2023","4/28/2023","4/28/2023","","Interest Payment","INT","","","$355.77"
"4/21/2023","4/21/2023","4/21/2023","","Gold Fee","GOLD","","","($5.00)"
"4/10/2023","4/10/2023","4/10/2023","STWD","Stock Lending","SLIP","","","$0.01"
"4/3/2023","4/3/2023","4/5/2023","STWD","Starwood Property Trust
CUSIP: 85571B105","Sell","0.437379","$17.77","$7.77"
"3/31/2023","3/31/2023","3/31/2023","","Interest Payment","INT","","","$310.31"
"3/31/2023","3/31/2023","4/4/2023","STWD","Starwood Property Trust
CUSIP: 85571B105","Sell","583","$17.56","$10,237.31"
"3/30/2023","3/30/2023","4/3/2023","STWD","Starwood Property Trust
CUSIP: 85571B105","Buy","583.437379","$17.14","($10,000.00)"
"3/29/2023","3/29/2023","3/29/2023","","ACH Withdrawal","ACH","","","($10,000.00)"
"3/27/2023","3/27/2023","3/29/2023","STWD","Starwood Property Trust
CUSIP: 85571B105","Sell","301","$17.11","$5,150.56"
"3/27/2023","3/27/2023","3/29/2023","STWD","Starwood Property Trust
CUSIP: 85571B105","Sell","0.78177","$17.12","$13.38"
"3/24/2023","3/24/2023","3/24/2023","","ACH Deposit","ACH","","","$20,000.00"
"3/23/2023","3/23/2023","3/27/2023","STWD","Starwood Property Trust
CUSIP: 85571B105","Buy","149.892514","$16.61","($2,489.25)"
"3/23/2023","3/23/2023","3/27/2023","STWD","Starwood Property Trust
CUSIP: 85571B105","Buy","0.647785","$16.60","($10.75)"
"3/22/2023","3/22/2023","3/22/2023","","Gold Fee","GOLD","","","($5.00)"
"3/17/2023","3/17/2023","3/21/2023","STWD","Starwood Property Trust
CUSIP: 85571B105","Buy","150.955541","$16.53","($2,495.28)"
"3/17/2023","3/17/2023","3/21/2023","STWD","Starwood Property Trust
CUSIP: 85571B105","Buy","0.28593","$16.52","($4.72)"
"3/16/2023","3/16/2023","3/16/2023","","ACH Deposit","ACH","","","$5,480.56"
"3/14/2023","3/14/2023","3/16/2023","STWD","Starwood Property Trust
CUSIP: 85571B105","Sell","275","$18.41","$5,062.77"
"3/14/2023","3/14/2023","3/16/2023","PACW","Pacific Western Bank
CUSIP: 695263103","Sell","100","$16.00","$1,599.97"
"3/14/2023","3/14/2023","3/16/2023","FRCB","FIRST REP BK
CUSIP: 33616C100","Sell","50","$48.00","$2,399.98"
"3/13/2023","3/13/2023","3/15/2023","PACW","Pacific Western Bank
CUSIP: 695263103","Buy","100","$10.33","($1,033.00)"
"3/13/2023","3/13/2023","3/15/2023","FRCB","FIRST REP BK
CUSIP: 33616C100","Buy","50","$40.52","($2,026.00)"
"3/13/2023","3/13/2023","3/15/2023","STWD","Starwood Property Trust
CUSIP: 85571B105","Buy","275","$18.27","($5,024.25)"
"2/28/2023","2/28/2023","2/28/2023","","Interest Payment","INT","","","$259.51"
"2/21/2023","2/21/2023","2/21/2023","","Gold Fee","GOLD","","","($5.00)"
"1/31/2023","1/31/2023","1/31/2023","","Interest Payment","INT","","","$274.79"
"1/23/2023","1/23/2023","1/23/2023","","Gold Fee","GOLD","","","($5.00)"
""
"","","","","","","","","","The data provided is for informational purposes only. Please consult a professional tax service or personal tax advisor if you need instructions on how to calculate cost basis or questions regarding your specific tax situation. Reminder: This data does not include Robinhood Crypto or Robinhood Spending activity."
